Ticker,Ticker+SA,Nome,Negócios
PETR4,PETR4.SA,Petrobras,46.135.600
ONCO3,ONCO3.SA,Oncoclínicas,38.718.000
BBDC4,BBDC4.SA,Banco Bradesco,30.888.800
SBSP3,SBSP3.SA,Sabesp,28.781.200
CSAN3,CSAN3.SA,Cosan,27.336.000
B3SA3,B3SA3.SA,B3,25.181.700
MGLU3,MGLU3.SA,Magazine Luiza,23.096.000
BHIA3,BHIA3.SA,Casas Bahia,21.659.200
BBAS3,BBAS3.SA,Banco do Brasil,21.651.300
ITUB4,ITUB4.SA,Itaú Unibanco,20.889.700
COGN3,COGN3.SA,Cogna,17.748.000
ABEV3,ABEV3.SA,Ambev,16.656.800
SMFT3,SMFT3.SA,Smart Fit,16.429.700
RCSL4,RCSL4.SA,Recrusul,15.552.300
CPLE3,CPLE3.SA,Copel,15.537.600
ITSA4,ITSA4.SA,Itaúsa,14.850.800
CSNA3,CSNA3.SA,Siderúrgica Nacional,13.927.400
CYRE3,CYRE3.SA,Cyrela,13.043.900
VALE3,VALE3.SA,Vale,13.040.900
CVCB3,CVCB3.SA,CVC,12.963.600
PCAR3,PCAR3.SA,Grupo Pão de Açúcar,12.401.700
CEAB3,CEAB3.SA,C&A,12.209.800
MRVE3,MRVE3.SA,MRV,12.108.200
EQTL3,EQTL3.SA,Equatorial Energia,11.930.100
LREN3,LREN3.SA,Lojas Renner,11.580.500
ENEV3,ENEV3.SA,Eneva,10.765.400
AMBP3,AMBP3.SA,Ambipar,10.727.600
VAMO3,VAMO3.SA,Grupo Vamos,10.629.500
MOTV3,MOTV3.SA,Motiva,9.960.300
CMIG4,CMIG4.SA,Cemig,9.792.100
POMO4,POMO4.SA,Marcopolo,9.775.700
BRKM5,BRKM5.SA,Braskem,9.300.100
LIGT3,LIGT3.SA,Light,9.058.000
DIRR3,DIRR3.SA,Direcional,9.009.500
ANIM3,ANIM3.SA,Ânima Educação,8.916.400
HAPV3,HAPV3.SA,Hapvida,8.711.500
USIM5,USIM5.SA,Usiminas,8.594.100
BEEF3,BEEF3.SA,Minerva,8.296.900
ASAI3,ASAI3.SA,Assaí,8.259.700
BPAC11,BPAC11.SA,Banco BTG Pactual,7.241.300
AZEV4,AZEV4.SA,Azevedo & Travassos,7.179.400
GMAT3,GMAT3.SA,Grupo Mateus,7.026.400
TIMS3,TIMS3.SA,TIM,6.772.600
AXIA3,AXIA3.SA,Axia Energia,6.630.100
SUZB3,SUZB3.SA,Suzano,6.482.600
PMAM3,PMAM3.SA,Paranapanema,6.382.700
GOAU4,GOAU4.SA,Metalúrgica Gerdau,6.250.400
VBBR3,VBBR3.SA,Vibra Energia,5.796.400
PETR3,PETR3.SA,Petrobras,5.427.500
MBRF3,MBRF3.SA,Marfrig,5.304.900
UGPA3,UGPA3.SA,Ultrapar,5.276.600
CXSE3,CXSE3.SA,Caixa Seguridade,5.248.600
GGBR4,GGBR4.SA,Gerdau,5.141.900
RADL3,RADL3.SA,RaiaDrogasil,5.103.600
BBSE3,BBSE3.SA,BB Seguridade,5.095.700
PRIO3,PRIO3.SA,PetroRio,5.019.500
GFSA3,GFSA3.SA,Gafisa,5.000.800
KLBN11,KLBN11.SA,Klabin,4.968.100
EMBJ3,EMBJ3.SA,Embraer,4.866.100
RAIZ4,RAIZ4.SA,Raízen,4.676.300
MOVI3,MOVI3.SA,Movida,4.667.500
CURY3,CURY3.SA,Cury,4.385.900
RAIL3,RAIL3.SA,Rumo,4.076.500
RENT3,RENT3.SA,Localiza,4.030.800
ECOR3,ECOR3.SA,EcoRodovias,3.972.700
WEGE3,WEGE3.SA,WEG,3.841.400
BBDC3,BBDC3.SA,Banco Bradesco,3.775.700
YDUQ3,YDUQ3.SA,YDUQS,3.677.600
KLBN4,KLBN4.SA,Klabin,3.585.900
ALPA4,ALPA4.SA,Alpargatas,3.501.400
MULT3,MULT3.SA,Multiplan,3.393.300
EZTC3,EZTC3.SA,EZTEC,3.192.000
VIVT3,VIVT3.SA,Vivo,3.146.300
CSMG3,CSMG3.SA,COPASA,3.079.600
SANB11,SANB11.SA,Banco Santander,3.061.100
ENGI11,ENGI11.SA,Energisa,3.052.000
BRAV3,BRAV3.SA,3R Petroleum,3.044.000
NATU3,NATU3.SA,NATURA,3.008.300
SEER3,SEER3.SA,Ser Educacional,2.818.600
JHSF3,JHSF3.SA,JHSF,2.783.000
VIVA3,VIVA3.SA,Vivara,2.758.600
TOTS3,TOTS3.SA,Totvs,2.677.600
HBRE3,HBRE3.SA,HBR Realty,2.677.300
CMIN3,CMIN3.SA,CSN Mineração,2.662.900
TEND3,TEND3.SA,Construtora Tenda,2.648.300
LWSA3,LWSA3.SA,Locaweb,2.611.100
HYPE3,HYPE3.SA,Hypera,2.578.800
GRND3,GRND3.SA,Grendene,2.565.400
AZZA3,AZZA3.SA,Arezzo,2.546.900
IGTI11,IGTI11.SA,Iguatemi,2.478.700
IGTI11,IGTI11.SA,Jereissati Participações,2.478.700
SIMH3,SIMH3.SA,Simpar,2.440.300
AZEV3,AZEV3.SA,Azevedo & Travassos,2.439.200
BRAP4,BRAP4.SA,Bradespar,2.437.200
SBFG3,SBFG3.SA,Grupo SBF,2.416.400
SAUD3,SAUD3.SA,Odontoprev,2.397.000
SLCE3,SLCE3.SA,SLC Agrícola,2.353.200
AUAU3,AUAU3.SA,União Pet,2.352.700
ALOS3,ALOS3.SA,Allos,2.344.500
EGIE3,EGIE3.SA,Engie,2.265.600
RDOR3,RDOR3.SA,Rede D'Or,2.244.000
PGMN3,PGMN3.SA,Pague Menos,2.166.300
FLRY3,FLRY3.SA,Fleury,2.138.800
AZTE3,AZTE3.SA,AZT Energia,2.136.800
QUAL3,QUAL3.SA,Qualicorp,2.060.700
ISAE4,ISAE4.SA,ISA Energia,2.060.500
RAPT4,RAPT4.SA,Randon,2.048.100
ITUB3,ITUB3.SA,Itaú Unibanco,1.858.100
AURE3,AURE3.SA,Auren Energia,1.830.300
MLAS3,MLAS3.SA,Multilaser,1.818.400
CBAV3,CBAV3.SA,CBA,1.814.600
AMER3,AMER3.SA,Americanas,1.763.200
CASH3,CASH3.SA,Méliuz,1.597.000
SMTO3,SMTO3.SA,São Martinho,1.434.800
GGPS3,GGPS3.SA,GPS,1.427.100
USIM3,USIM3.SA,Usiminas,1.389.200
VULC3,VULC3.SA,Vulcabras,1.329.500
POMO3,POMO3.SA,Marcopolo,1.326.900
PINE4,PINE4.SA,Banco Pine,1.269.300
TTEN3,TTEN3.SA,3tentos,1.229.700
LJQQ3,LJQQ3.SA,Lojas Quero-Quero,1.191.000
CPFE3,CPFE3.SA,CPFL Energia,1.158.100
DASA3,DASA3.SA,Dasa,1.140.900
HBOR3,HBOR3.SA,Helbor,1.118.700
PSSA3,PSSA3.SA,Porto Seguro,1.102.100
ORVR3,ORVR3.SA,Orizon,1.080.600
PLPL3,PLPL3.SA,Plano&Plano,1.079.100
RECV3,RECV3.SA,PetroRecôncavo,1.010.800
FESA4,FESA4.SA,Ferbasa,995.1
KEPL3,KEPL3.SA,Kepler Weber,933.1
TAEE11,TAEE11.SA,Taesa,932.6
PTBL3,PTBL3.SA,Portobello,916.3
DXCO3,DXCO3.SA,Dexco,882.2
SAPR4,SAPR4.SA,Sanepar,861.9
PASS3,PASS3.SA,COMPASS,860.8
VVEO3,VVEO3.SA,Viveo,846
HBSA3,HBSA3.SA,Hidrovias do Brasil,834.6
JALL3,JALL3.SA,Jalles Machado,813.9
KLBN3,KLBN3.SA,Klabin,793.3
RIAA3,RIAA3.SA,Guararapes,784.4
POSI3,POSI3.SA,Positivo,778
BRSR6,BRSR6.SA,Banrisul,776.7
VTRU3,VTRU3.SA,VITRUBREPCOM,728.4
JSLG3,JSLG3.SA,JSL,715.2
MDIA3,MDIA3.SA,M. Dias Branco,664.8
EVEN3,EVEN3.SA,Even,658.6
IRBR3,IRBR3.SA,IRB Brasil RE,635.2
SAPR11,SAPR11.SA,Sanepar,596.9
DESK3,DESK3.SA,Desktop,594.8
BMGB4,BMGB4.SA,Banco BMG,590.6
MDNE3,MDNE3.SA,Moura Dubeux,586.4
MYPK3,MYPK3.SA,Iochpe-Maxion,537.5
AXIA7,AXIA7.SA,Axia Energia,520.2
ENJU3,ENJU3.SA,Enjoei,517.5
CYRE4,CYRE4.SA,Cyrela,505.9
FIQE3,FIQE3.SA,Unifique,493.2
INTB3,INTB3.SA,Intelbras,479.7
MILS3,MILS3.SA,Mills,479.3
PNVL3,PNVL3.SA,Dimed,472.9
OBTC3,OBTC3.SA,OrangeBTC,462.2
TASA4,TASA4.SA,Taurus,453.6
ABCB4,ABCB4.SA,Banco ABC Brasil,434.2
BMOB3,BMOB3.SA,Bemobi,431.5
TGMA3,TGMA3.SA,Tegma,427.7
ARML3,ARML3.SA,Armac,406.2
LAVV3,LAVV3.SA,Lavvi Incorporadora,376.8
PRNR3,PRNR3.SA,Priner,367.5
RCSL3,RCSL3.SA,Recrusul,366.5
TFCO4,TFCO4.SA,Track & Field,365.7
CAML3,CAML3.SA,Camil Alimentos,362.6
ALUP11,ALUP11.SA,Alupar,354.9
MELK3,MELK3.SA,Melnick,353.9
MTRE3,MTRE3.SA,Mitre Realty,346.2
RANI3,RANI3.SA,Irani,342.5
ALLD3,ALLD3.SA,Allied,338.1
CSED3,CSED3.SA,Cruzeiro do Sul Educacional,337.2
OPCT3,OPCT3.SA,OceanPact,336.1
SOJA3,SOJA3.SA,Boa Safra Sementes,320.7
SEQL3,SEQL3.SA,Sequoia Logística,287.9
VITT3,VITT3.SA,Vittia,285.4
LOGG3,LOGG3.SA,LOG CP,268.7
TRIS3,TRIS3.SA,Trisul,268
SHUL4,SHUL4.SA,Schulz,265.9
BRKM3,BRKM3.SA,Braskem,241.7
BRBI11,BRBI11.SA,BR Partners,233.2
UNIP6,UNIP6.SA,Unipar,220.4
TCSA3,TCSA3.SA,Tecnisa,220.3
PDGR3,PDGR3.SA,PDG Realty,194.7
TUPY3,TUPY3.SA,Tupy,177
BRST3,BRST3.SA,Brisanet,173.7
ITSA3,ITSA3.SA,Itaúsa,158.3
WIZC3,WIZC3.SA,Wiz Soluções,155.9
SANB3,SANB3.SA,Banco Santander,148.9
DOTZ3,DOTZ3.SA,Dotz,148.2
SANB4,SANB4.SA,Banco Santander,139.8
TPIS3,TPIS3.SA,Triunfo,137.2
ALPK3,ALPK3.SA,Estapar,133.9
BLAU3,BLAU3.SA,Blau Farmacêutica,132.7
TAEE4,TAEE4.SA,Taesa,126.1
LEVE3,LEVE3.SA,Mahle Metal Leve,126
AGRO3,AGRO3.SA,BrasilAgro,116.7
VLID3,VLID3.SA,Valid,113.5
MATD3,MATD3.SA,Mater Dei,109.6
LPSB3,LPSB3.SA,Lopes,106.6
FRAS3,FRAS3.SA,Fras-le,96.5
SYNE3,SYNE3.SA,SYN,96.5
CMIG3,CMIG3.SA,Cemig,93.4
ROMI3,ROMI3.SA,Indústrias ROMI,89
MEAL3,MEAL3.SA,IMC Alimentação,86.9
AMAR3,AMAR3.SA,Lojas Marisa,82.8
AZEV11,AZEV11.SA,Azevedo & Travassos,76.4
SAPR3,SAPR3.SA,Sanepar,76.2
PFRM3,PFRM3.SA,Profarma,72.8
DEXP3,DEXP3.SA,Dexxos,72.1
TAEE3,TAEE3.SA,Taesa,68.6
EUCA4,EUCA4.SA,Eucatex,56.7
BOBR4,BOBR4.SA,Bombril,50
RNEW3,RNEW3.SA,Renova Energia,48.8
TECN3,TECN3.SA,Technos,46.2
RENT4,RENT4.SA,Localiza,45.2
AZUL3,AZUL3.SA,Azul,43.9
ESPA3,ESPA3.SA,Espaçolaser,42.2
IFCM3,IFCM3.SA,Infracommerce,37.3
DMVF3,DMVF3.SA,D1000 Varejo Farma,35.5
AALR3,AALR3.SA,Alliança,34
GGBR3,GGBR3.SA,Gerdau,33.4
AERI3,AERI3.SA,Aeris Energy,33.4
INEP3,INEP3.SA,Inepar,32.7
ETER3,ETER3.SA,Eternit,30.5
CSUD3,CSUD3.SA,CSU Cardsystem,29.7
BRAP3,BRAP3.SA,Bradespar,29.4
RAPT3,RAPT3.SA,Randon,26.8
JFEN3,JFEN3.SA,João Fortes,25.5
HAGA4,HAGA4.SA,Haga,25
VSTE3,VSTE3.SA,LE LIS BLANC,24.7
AGXY3,AGXY3.SA,AgroGalaxy,24.4
CRPG5,CRPG5.SA,Tronox Pigmentos,22.3
BIOM3,BIOM3.SA,Biomm,22.3
SHOW3,SHOW3.SA,Time For Fun,21.7
RNEW4,RNEW4.SA,Renova Energia,20.1
BMEB4,BMEB4.SA,Banco Mercantil do Brasil,18.3
MNPR3,MNPR3.SA,Minupar,18.1
CAMB3,CAMB3.SA,Cambuci,17.5
BSLI4,BSLI4.SA,Banco de Brasília,17.4
TELB4,TELB4.SA,Telebras,16.2
INEP4,INEP4.SA,Inepar,15.5
GOAU3,GOAU3.SA,Metalúrgica Gerdau,14.8
BSLI3,BSLI3.SA,Banco de Brasília,14.7
EQPA3,EQPA3.SA,Equatorial Energia Pará,14.5
LUPA3,LUPA3.SA,Lupatech,13.9
IGTI3,IGTI3.SA,Iguatemi,13.1
IGTI3,IGTI3.SA,Jereissati Participações,13.1
HAGA3,HAGA3.SA,Haga,12.5
LAND3,LAND3.SA,Terra Santa,11.2
PDTC3,PDTC3.SA,Padtec,10.4
UCAS3,UCAS3.SA,Unicasa,10.3
TASA3,TASA3.SA,Taurus,10.1
TELB3,TELB3.SA,Telebras,9.9
RSUL4,RSUL4.SA,Metalúrgica Riosulense,9.8
DOHL4,DOHL4.SA,Döhler,9.4
ALUP3,ALUP3.SA,Alupar,8.8
TOKY3,TOKY3.SA,Toky,8.5
FICT3,FICT3.SA,Fictor Alimentos,8.1
UNIP3,UNIP3.SA,Unipar,7.9
FHER3,FHER3.SA,Fertilizantes Heringer,7.5
BEES3,BEES3.SA,Banestes,7.2
AMOB3,AMOB3.SA,Automob,7.1
CEBR3,CEBR3.SA,CEB,6.9
HOOT4,HOOT4.SA,Hotéis Othon,6.4
CEBR5,CEBR5.SA,CEB,6.2
LUXM4,LUXM4.SA,Trevisa,6.2
VIVR3,VIVR3.SA,Viver,6.2
SCAR3,SCAR3.SA,São Carlos,6
ALUP4,ALUP4.SA,Alupar,5.8
BPAC3,BPAC3.SA,Banco BTG Pactual,4.8
ISAE3,ISAE3.SA,ISA Energia,4.6
IGTI4,IGTI4.SA,Jereissati Participações,4.5
IGTI4,IGTI4.SA,Iguatemi,4.5
WHRL3,WHRL3.SA,Whirlpool,4.4
BAZA3,BAZA3.SA,Banco da Amazônia,4.3
CGRA4,CGRA4.SA,Grazziotin,3.9
NUTR3,NUTR3.SA,Nutriplant,3.9
BALM3,BALM3.SA,Baumer,3.8
ENGI4,ENGI4.SA,Energisa,3.5
EALT4,EALT4.SA,Electro Aço Altona,3.4
ALPA3,ALPA3.SA,Alpargatas,3.4
ENGI3,ENGI3.SA,Energisa,3.3
CLSC4,CLSC4.SA,Celesc,3.2
COCE5,COCE5.SA,Coelce,3.2
ENMT3,ENMT3.SA,Energisa MT,3
CEGR3,CEGR3.SA,Naturgy (CEG),3
MGEL4,MGEL4.SA,Mangels,3
CTAX3,CTAX3.SA,Contax,3
ARND3,ARND3.SA,Arandu,2.9
LOGN3,LOGN3.SA,Log-In,2.5
BRSR3,BRSR3.SA,Banrisul,2.5
BPAC5,BPAC5.SA,Banco BTG Pactual,2.4
WHRL4,WHRL4.SA,Whirlpool,2.3
EMAE4,EMAE4.SA,EMAE,2.2
WDCN3,WDCN3.SA,WDC Networks,2.1
PINE3,PINE3.SA,Banco Pine,2
AVLL3,AVLL3.SA,Alphaville,2
EPAR3,EPAR3.SA,Embpar Participações,2
CEBR6,CEBR6.SA,CEB,1.9
NORD3,NORD3.SA,Nordon,1.9
BEES4,BEES4.SA,Banestes,1.8
WLMM4,WLMM4.SA,WLM,1.6
ENMT4,ENMT4.SA,Energisa MT,1.4
MTSA4,MTSA4.SA,Metisa,1.3
BGIP4,BGIP4.SA,Banese,1.3
SNSY5,SNSY5.SA,Sansuy,1.3
WEST3,WEST3.SA,Westwing,1.2
BIED3,BIED3.SA,Bioma,1.1
CEDO4,CEDO4.SA,Cedro Têxtil,1.1
BMEB3,BMEB3.SA,Banco Mercantil do Brasil,1
CGRA3,CGRA3.SA,Grazziotin,900
CGAS5,CGAS5.SA,Comgás,600
BNBR3,BNBR3.SA,Banco do Nordeste,600
EUCA3,EUCA3.SA,Eucatex,600
BDLL4,BDLL4.SA,Bardella,600
EKTR4,EKTR4.SA,Elektro,500
FIEI3,FIEI3.SA,Fica,500
PATI3,PATI3.SA,Panatlântica,400
CRPG6,CRPG6.SA,Tronox Pigmentos,400
OSXB3,OSXB3.SA,OSX Brasil,400
PATI4,PATI4.SA,Panatlântica,300
FESA3,FESA3.SA,Ferbasa,300
ESTR4,ESTR4.SA,Estrela,300
ATED3,ATED3.SA,ATOM EDUCAÇÃO E EDITORA S.A.,300
SOND5,SOND5.SA,Sondotécnica,200
OFSA3,OFSA3.SA,Ourofino Saúde Animal,200
MWET4,MWET4.SA,Wetzel,200
MNDL3,MNDL3.SA,Mundial,200
REDE3,REDE3.SA,Rede Energia,200
PLAS3,PLAS3.SA,Plascar,200
BIOM11,BIOM11.SA,Biomm,200
CGAS3,CGAS3.SA,Comgás,100
GEPA4,GEPA4.SA,Rio Paranapanema Energia,100
RVEE3,RVEE3.SA,REVEE,100
RVEE3,RVEE3.SA,REVEE S.A.,100
BMKS3,BMKS3.SA,Monark,9
DTCY3,DTCY3.SA,Dtcom,14.7
MRSA3B,MRSA3B.SA,MRS Logística,1
NEXP3,NEXP3.SA,Brasil Brokers,1
CEEB3,CEEB3.SA,COELBA,500
BALM4,BALM4.SA,Baumer,500
DEXP4,DEXP4.SA,Dexxos,500
UNIP5,UNIP5.SA,Unipar,400
CBEE3,CBEE3.SA,Ampla Energia,200
MRSA6B,MRSA6B.SA,MRS Logística,100
GEPA3,GEPA3.SA,Rio Paranapanema Energia,100
EQMA3B,EQMA3B.SA,Equatorial Maranhão,100
COCE3,COCE3.SA,Coelce,100
BRKM6,BRKM6.SA,Braskem,100
PPLA11,PPLA11.SA,PPLA,40
CTKA4,CTKA4.SA,Karsten,600
B1003,B1003.SA,B1003,200
PSVM11,PSVM11.SA,PORTO VM,200
AFLT3,AFLT3.SA,Afluente T,200
CLSC3,CLSC3.SA,Celesc,100
EALT3,EALT3.SA,Electro Aço Altona,100
CEED3,CEED3.SA,CEEE D,100
GSHP3,GSHP3.SA,General Shopping & Outlets,2.8
OIBR3,OIBR3.SA,Oi,1.667.600
OIBR4,OIBR4.SA,Oi,5.6
CCTY3,CCTY3.SA,REDVECO PROPERTIES S.A,900
CCTY3,CCTY3.SA,RDVC CITY,900
WLMM3,WLMM3.SA,WLM,500
BRSR5,BRSR5.SA,Banrisul,500
HBTS5,HBTS5.SA,Habitasul,400
BMIN4,BMIN4.SA,Banco Mercantil de Investimentos,100
USIM6,USIM6.SA,Usiminas,100
PEAB4,PEAB4.SA,Participações Aliança da Bahia,2.3
BDLL3,BDLL3.SA,Bardella,400
PEAB3,PEAB3.SA,Participações Aliança da Bahia,200
DOHL3,DOHL3.SA,Döhler,100
RPAD3,RPAD3.SA,Alfa Holdings,200
RPAD6,RPAD6.SA,Alfa Holdings,5.8
BMIN3,BMIN3.SA,Banco Mercantil de Investimentos,300
RPAD5,RPAD5.SA,Alfa Holdings,100
EQPA5,EQPA5.SA,Equatorial Energia Pará,100